{"UUID":"9RZoLOikRqPoNHUOqxIXaz","layoutMainAxisSizing":null,"layoutCrossAxisSizing":null,"name":"Foochi - Food Delivery App UI Kit (Community)","isVisible":true,"boundaryRectangle":null,"style":null,"prototypeNodeUUID":null,"child":null,"constraints":null,"debug":false,"pngPath":"/usr/src/app/temp-out/pb-tmp-4edcf7b6-1ed0-488c-8e1f-b6c04aacb7a6/food/lib/assets/images","pages":[{"UUID":"0:1","layoutMainAxisSizing":null,"layoutCrossAxisSizing":null,"name":"Page 1","isVisible":true,"boundaryRectangle":null,"style":null,"prototypeNodeUUID":null,"child":null,"constraints":null,"convert":true,"screens":[],"pbdlType":"page"}],"miscPages":[],"sharedStyles":[],"globalStyles":{"UUID":"","layoutMainAxisSizing":null,"layoutCrossAxisSizing":null,"name":"","isVisible":false,"boundaryRectangle":null,"style":null,"prototypeNodeUUID":null,"child":null,"constraints":null,"pbdlType":"global_styles","designSystem":"material","colors":[{"UUID":"105:53","layoutMainAxisSizing":null,"layoutCrossAxisSizing":null,"name":"line_icon","isVisible":false,"boundaryRectangle":null,"style":null,"prototypeNodeUUID":null,"child":null,"constraints":null,"description":"","pbdlType":"global_color","color":{"a":1.0,"r":0.19973959028720856,"g":0.2129092514514923,"b":0.24583333730697632}},{"UUID":"105:8","layoutMainAxisSizing":null,"layoutCrossAxisSizing":null,"name":"Gray 1","isVisible":false,"boundaryRectangle":null,"style":null,"prototypeNodeUUID":null,"child":null,"constraints":null,"description":"","pbdlType":"global_color","color":{"a":1.0,"r":0.20000000298023224,"g":0.20000000298023224,"b":0.20000000298023224}}],"textStyles":[],"themeColors":[],"themeTextStyles":[]},"pbdlType":"project"}